Workbook

Sheet 2026
A1: Hvor | B1: Dato | C1: Ukedag | D1: Time | E1: Timesats | F1: Fakturert | G1: Kommentar | H1: SUM | K1: Faktura sendt | L1: Utbetalt
A2: Aker S | B2: 46027 | C2: =TEXT(B2,"dddd") -> mandag | D2: 1 | E2: =VLOOKUP(A2,formler!$G$3:$H$5,2,FALSE) -> 1000 | F2: =D2*E2 -> 1000
A3: Equinor ML33 | B3: 46028 | C3: =TEXT(B3,"dddd") -> tirsdag | D3: 1.5 | E3: =VLOOKUP(A3,formler!$G$3:$H$5,2,FALSE) -> 773 | F3: =D3*E3 -> 1159.5
A4: Telenor | B4: 46030 | C4: =TEXT(B4,"dddd") -> torsdag | D4: 1 | E4: =VLOOKUP(A4,formler!$G$3:$H$5,2,FALSE) -> 1000 | F4: =D4*E4 -> 1000
A5: Equinor ML33 | B5: 46030 | C5: =TEXT(B5,"dddd") -> torsdag | D5: 1 | E5: =VLOOKUP(A5,formler!$G$3:$H$5,2,FALSE) -> 773 | F5: =D5*E5 -> 773
A6: Aker S | B6: 46034 | C6: =TEXT(B6,"dddd") -> mandag | D6: 1 | E6: =VLOOKUP(A6,formler!$G$3:$H$5,2,FALSE) -> 1000 | F6: =D6*E6 -> 1000
A7: Equinor ML33 | B7: 46035 | C7: =TEXT(B7,"dddd") -> tirsdag | D7: 1.5 | E7: =VLOOKUP(A7,formler!$G$3:$H$5,2,FALSE) -> 773 | F7: =D7*E7 -> 1159.5
A8: Telenor | B8: 46037 | C8: =TEXT(B8,"dddd") -> torsdag | D8: 1 | E8: =VLOOKUP(A8,formler!$G$3:$H$5,2,FALSE) -> 1000 | F8: =D8*E8 -> 1000
A9: Equinor ML33 | B9: 46037 | C9: =TEXT(B9,"dddd") -> torsdag | D9: 1 | E9: =VLOOKUP(A9,formler!$G$3:$H$5,2,FALSE) -> 773 | F9: =D9*E9 -> 773
A10: Aker S | B10: 46041 | C10: =TEXT(B10,"dddd") -> mandag | D10: 1 | E10: =VLOOKUP(A10,formler!$G$3:$H$5,2,FALSE) -> 1000 | F10: =D10*E10 -> 1000
A11: Equinor ML33 | B11: 46042 | C11: =TEXT(B11,"dddd") -> tirsdag | D11: 2.5 | E11: =VLOOKUP(A11,formler!$G$3:$H$5,2,FALSE) -> 773 | F11: =D11*E11 -> 1932.5
A12: Telenor | B12: 46044 | C12: =TEXT(B12,"dddd") -> torsdag | D12: 1 | E12: =VLOOKUP(A12,formler!$G$3:$H$5,2,FALSE) -> 1000 | F12: =D12*E12 -> 1000
A13: Equinor ML33 | B13: 46044 | C13: =TEXT(B13,"dddd") -> torsdag | D13: 1 | E13: =VLOOKUP(A13,formler!$G$3:$H$5,2,FALSE) -> 773 | F13: =D13*E13 -> 773
A14: Aker S | B14: 46048 | C14: =TEXT(B14,"dddd") -> mandag | D14: 1 | E14: =VLOOKUP(A14,formler!$G$3:$H$5,2,FALSE) -> 1000 | F14: =D14*E14 -> 1000
A15: Equinor ML33 | B15: 46049 | C15: =TEXT(B15,"dddd") -> tirsdag | D15: 1.5 | E15: =VLOOKUP(A15,formler!$G$3:$H$5,2,FALSE) -> 773 | F15: =D15*E15 -> 1159.5 | I15: Aker S | J15: =SUMIF(A2:F17,I15,F2:F17) -> 4000 | K15: februar | L15: 46059
A16: Telenor | B16: 46051 | C16: =TEXT(B16,"dddd") -> torsdag | D16: 1 | E16: =VLOOKUP(A16,formler!$G$3:$H$5,2,FALSE) -> 1000 | F16: =D16*E16 -> 1000 | I16: Equinor ML33 | J16: =SUMIF(A2:F17,I16,F2:F17) -> 8503 | K16: 46043 | L16: 46044
A17: Equinor ML33 | B17: 46051 | C17: =TEXT(B17,"dddd") -> torsdag | D17: 1 | E17: =VLOOKUP(A17,formler!$G$3:$H$5,2,FALSE) -> 773 | F17: =D17*E17 -> 773 | H17: =SUM(F2:F17) -> 16503 | I17: Telenor | J17: =SUMIF(A2:F17,I17,F2:F17) -> 4000 | K17: 46051 | L17: 46071
A18: Aker S | B18: 46055 | C18: =TEXT(B18,"dddd") -> mandag | D18: 0 | E18: =VLOOKUP(A18,formler!$G$3:$H$5,2,FALSE) -> 1000 | F18: =D18*E18 -> 0 | G18: Alpene | H18: Vikar
A19: Equinor ML33 | B19: 46056 | C19: =TEXT(B19,"dddd") -> tirsdag | D19: 0 | E19: =VLOOKUP(A19,formler!$G$3:$H$5,2,FALSE) -> 773 | F19: =D19*E19 -> 0 | G19: Alpene | H19: Vikar
A20: Telenor | B20: 46058 | C20: =TEXT(B20,"dddd") -> torsdag | D20: 0 | E20: =VLOOKUP(A20,formler!$G$3:$H$5,2,FALSE) -> 1000 | F20: =D20*E20 -> 0 | G20: Alpene | H20: Vikar
A21: Equinor ML33 | B21: 46058 | C21: =TEXT(B21,"dddd") -> torsdag | D21: 0 | E21: =VLOOKUP(A21,formler!$G$3:$H$5,2,FALSE) -> 773 | F21: =D21*E21 -> 0 | G21: Alpene | H21: Vikar
A22: Aker S | B22: 46062 | C22: =TEXT(B22,"dddd") -> mandag | D22: 0 | E22: =VLOOKUP(A22,formler!$G$3:$H$5,2,FALSE) -> 1000 | F22: =D22*E22 -> 0 | G22: Alpene | H22: Vikar
A23: Equinor ML33 | B23: 46063 | C23: =TEXT(B23,"dddd") -> tirsdag | D23: 0 | E23: =VLOOKUP(A23,formler!$G$3:$H$5,2,FALSE) -> 773 | F23: =D23*E23 -> 0 | G23: Alpene | H23: Vikar
A24: Telenor | B24: 46065 | C24: =TEXT(B24,"dddd") -> torsdag | D24: 1 | E24: =VLOOKUP(A24,formler!$G$3:$H$5,2,FALSE) -> 1000 | F24: =D24*E24 -> 1000
A25: Equinor ML33 | B25: 46065 | C25: =TEXT(B25,"dddd") -> torsdag | D25: 1 | E25: =VLOOKUP(A25,formler!$G$3:$H$5,2,FALSE) -> 773 | F25: =D25*E25 -> 773
A26: Aker S | B26: 46069 | C26: =TEXT(B26,"dddd") -> mandag | D26: 1 | E26: =VLOOKUP(A26,formler!$G$3:$H$5,2,FALSE) -> 1000 | F26: =D26*E26 -> 1000
A27: Equinor ML33 | B27: 46070 | C27: =TEXT(B27,"dddd") -> tirsdag | D27: 2.5 | E27: =VLOOKUP(A27,formler!$G$3:$H$5,2,FALSE) -> 773 | F27: =D27*E27 -> 1932.5
A28: Telenor | B28: 46072 | C28: =TEXT(B28,"dddd") -> torsdag | D28: 1 | E28: =VLOOKUP(A28,formler!$G$3:$H$5,2,FALSE) -> 1000 | F28: =D28*E28 -> 1000
A29: Equinor ML33 | B29: 46072 | C29: =TEXT(B29,"dddd") -> torsdag | D29: 1 | E29: =VLOOKUP(A29,formler!$G$3:$H$5,2,FALSE) -> 773 | F29: =D29*E29 -> 773
A30: Aker S | B30: 46076 | C30: =TEXT(B30,"dddd") -> mandag | D30: 1 | E30: =VLOOKUP(A30,formler!$G$3:$H$5,2,FALSE) -> 1000 | F30: =D30*E30 -> 1000
A31: Equinor ML33 | B31: 46077 | C31: =TEXT(B31,"dddd") -> tirsdag | D31: 1.5 | E31: =VLOOKUP(A31,formler!$G$3:$H$5,2,FALSE) -> 773 | F31: =D31*E31 -> 1159.5 | I31: Aker S | J31: =SUMIF(A18:F33,I31,F18:F33) -> 2000 | K31: 46073 | L31: 45694
A32: Telenor | B32: 46079 | C32: =TEXT(B32,"dddd") -> torsdag | D32: 1 | E32: =VLOOKUP(A32,formler!$G$3:$H$5,2,FALSE) -> 1000 | F32: =D32*E32 -> 1000 | I32: Equinor ML33 | J32: =SUMIF(A18:F33,I32,F18:F33) -> 5411 | K32: 46073 | L32: 46076
A33: Equinor ML33 | B33: 46079 | C33: =TEXT(B33,"dddd") -> torsdag | D33: 1 | E33: =VLOOKUP(A33,formler!$G$3:$H$5,2,FALSE) -> 773 | F33: =D33*E33 -> 773 | H33: =SUM(F18:F33) -> 10411 | I33: Telenor | J33: =SUMIF(A18:F33,I33,F18:F33) -> 3000 | K33: 46079 | L33: 46066
A34: Aker S | B34: 46083 | C34: =TEXT(B34,"dddd") -> mandag | D34: 1 | E34: =VLOOKUP(A34,formler!$G$3:$H$5,2,FALSE) -> 1000 | F34: =D34*E34 -> 1000
A35: Equinor ML33 | B35: 46084 | C35: =TEXT(B35,"dddd") -> tirsdag | D35: 1.5 | E35: =VLOOKUP(A35,formler!$G$3:$H$5,2,FALSE) -> 773 | F35: =D35*E35 -> 1159.5
A36: Telenor | B36: 46086 | C36: =TEXT(B36,"dddd") -> torsdag | D36: 1 | E36: =VLOOKUP(A36,formler!$G$3:$H$5,2,FALSE) -> 1000 | F36: =D36*E36 -> 1000
A37: Equinor ML33 | B37: 46086 | C37: =TEXT(B37,"dddd") -> torsdag | D37: 1 | E37: =VLOOKUP(A37,formler!$G$3:$H$5,2,FALSE) -> 773 | F37: =D37*E37 -> 773
A38: Aker S | B38: 46090 | C38: =TEXT(B38,"dddd") -> mandag | D38: 1 | E38: =VLOOKUP(A38,formler!$G$3:$H$5,2,FALSE) -> 1000 | F38: =D38*E38 -> 1000
A39: Equinor ML33 | B39: 46091 | C39: =TEXT(B39,"dddd") -> tirsdag | D39: 2.5 | E39: =VLOOKUP(A39,formler!$G$3:$H$5,2,FALSE) -> 773 | F39: =D39*E39 -> 1932.5
A40: Telenor | B40: 46093 | C40: =TEXT(B40,"dddd") -> torsdag | D40: 1 | E40: =VLOOKUP(A40,formler!$G$3:$H$5,2,FALSE) -> 1000 | F40: =D40*E40 -> 1000
A41: Equinor ML33 | B41: 46093 | C41: =TEXT(B41,"dddd") -> torsdag | D41: 1 | E41: =VLOOKUP(A41,formler!$G$3:$H$5,2,FALSE) -> 773 | F41: =D41*E41 -> 773
A42: Aker S | B42: 46097 | C42: =TEXT(B42,"dddd") -> mandag | D42: 1 | E42: =VLOOKUP(A42,formler!$G$3:$H$5,2,FALSE) -> 1000 | F42: =D42*E42 -> 1000 | L42: 11625 | M42: Betale Skatt
A43: Equinor ML33 | B43: 46098 | C43: =TEXT(B43,"dddd") -> tirsdag | D43: 1.5 | E43: =VLOOKUP(A43,formler!$G$3:$H$5,2,FALSE) -> 773 | F43: =D43*E43 -> 1159.5
A44: Telenor | B44: 46100 | C44: =TEXT(B44,"dddd") -> torsdag | D44: 1 | E44: =VLOOKUP(A44,formler!$G$3:$H$5,2,FALSE) -> 1000 | F44: =D44*E44 -> 1000
A45: Equinor ML33 | B45: 46100 | C45: =TEXT(B45,"dddd") -> torsdag | D45: 1 | E45: =VLOOKUP(A45,formler!$G$3:$H$5,2,FALSE) -> 773 | F45: =D45*E45 -> 773
A46: Aker S | B46: 46104 | C46: =TEXT(B46,"dddd") -> mandag | D46: 1 | E46: =VLOOKUP(A46,formler!$G$3:$H$5,2,FALSE) -> 1000 | F46: =D46*E46 -> 1000
A47: Equinor ML33 | B47: 46105 | C47: =TEXT(B47,"dddd") -> tirsdag | D47: 1.5 | E47: =VLOOKUP(A47,formler!$G$3:$H$5,2,FALSE) -> 773 | F47: =D47*E47 -> 1159.5
A48: Telenor | B48: 46107 | C48: =TEXT(B48,"dddd") -> torsdag | D48: 1 | E48: =VLOOKUP(A48,formler!$G$3:$H$5,2,FALSE) -> 1000 | F48: =D48*E48 -> 1000
A49: Equinor ML33 | B49: 46107 | C49: =TEXT(B49,"dddd") -> torsdag | D49: 1 | E49: =VLOOKUP(A49,formler!$G$3:$H$5,2,FALSE) -> 773 | F49: =D49*E49 -> 773 | I49: Aker S | J49: =SUMIF(A34:F51,I49,F34:F51) -> 4000 | K49: 46101
A50: Aker S | B50: 46111 | C50: =TEXT(B50,"dddd") -> mandag | D50: 0 | E50: =VLOOKUP(A50,formler!$G$3:$H$5,2,FALSE) -> 1000 | F50: =D50*E50 -> 0 | G50: Påske | I50: Equinor ML33 | J50: =SUMIF(A34:F51,I50,F34:F51) -> 8503 | K50: 46101 | L50: 46104
A51: Equinor ML33 | B51: 46112 | C51: =TEXT(B51,"dddd") -> tirsdag | D51: 0 | E51: =VLOOKUP(A51,formler!$G$3:$H$5,2,FALSE) -> 773 | F51: =D51*E51 -> 0 | G51: Påske | H51: =SUM(F34:F51) -> 16503 | I51: Telenor | J51: =SUMIF(A34:F51,I51,F34:F51) -> 4000 | K51: 46107
A52: Telenor | B52: 46114 | C52: =TEXT(B52,"dddd") -> torsdag | D52: 0 | E52: =VLOOKUP(A52,formler!$G$3:$H$5,2,FALSE) -> 1000 | F52: =D52*E52 -> 0 | G52: Påske
A53: Equinor ML33 | B53: 46114 | C53: =TEXT(B53,"dddd") -> torsdag | D53: 0 | E53: =VLOOKUP(A53,formler!$G$3:$H$5,2,FALSE) -> 773 | F53: =D53*E53 -> 0 | G53: Påske
A54: Aker S | B54: 46118 | C54: =TEXT(B54,"dddd") -> mandag | D54: 0 | E54: =VLOOKUP(A54,formler!$G$3:$H$5,2,FALSE) -> 1000 | F54: =D54*E54 -> 0 | G54: Påske
A55: Equinor ML33 | B55: 46119 | C55: =TEXT(B55,"dddd") -> tirsdag | D55: 2.5 | E55: =VLOOKUP(A55,formler!$G$3:$H$5,2,FALSE) -> 773 | F55: =D55*E55 -> 1932.5
A56: Telenor | B56: 46121 | C56: =TEXT(B56,"dddd") -> torsdag | D56: 1 | E56: =VLOOKUP(A56,formler!$G$3:$H$5,2,FALSE) -> 1000 | F56: =D56*E56 -> 1000
A57: Equinor ML33 | B57: 46121 | C57: =TEXT(B57,"dddd") -> torsdag | D57: 1 | E57: =VLOOKUP(A57,formler!$G$3:$H$5,2,FALSE) -> 773 | F57: =D57*E57 -> 773
A58: Aker S | B58: 46125 | C58: =TEXT(B58,"dddd") -> mandag | D58: 1 | E58: =VLOOKUP(A58,formler!$G$3:$H$5,2,FALSE) -> 1000 | F58: =D58*E58 -> 1000
A59: Equinor ML33 | B59: 46126 | C59: =TEXT(B59,"dddd") -> tirsdag | D59: 1.5 | E59: =VLOOKUP(A59,formler!$G$3:$H$5,2,FALSE) -> 773 | F59: =D59*E59 -> 1159.5
A60: Telenor | B60: 46128 | C60: =TEXT(B60,"dddd") -> torsdag | D60: 1 | E60: =VLOOKUP(A60,formler!$G$3:$H$5,2,FALSE) -> 1000 | F60: =D60*E60 -> 1000
A61: Equinor ML33 | B61: 46128 | C61: =TEXT(B61,"dddd") -> torsdag | D61: 1 | E61: =VLOOKUP(A61,formler!$G$3:$H$5,2,FALSE) -> 773 | F61: =D61*E61 -> 773
A62: Aker S | B62: 46132 | C62: =TEXT(B62,"dddd") -> mandag | D62: 1 | E62: =VLOOKUP(A62,formler!$G$3:$H$5,2,FALSE) -> 1000 | F62: =D62*E62 -> 1000
A63: Equinor ML33 | B63: 46133 | C63: =TEXT(B63,"dddd") -> tirsdag | D63: 1.5 | E63: =VLOOKUP(A63,formler!$G$3:$H$5,2,FALSE) -> 773 | F63: =D63*E63 -> 1159.5
A64: Telenor | B64: 46135 | C64: =TEXT(B64,"dddd") -> torsdag | D64: 1 | E64: =VLOOKUP(A64,formler!$G$3:$H$5,2,FALSE) -> 1000 | F64: =D64*E64 -> 1000
A65: Equinor ML33 | B65: 46135 | C65: =TEXT(B65,"dddd") -> torsdag | D65: 1 | E65: =VLOOKUP(A65,formler!$G$3:$H$5,2,FALSE) -> 773 | F65: =D65*E65 -> 773
A66: Aker S | B66: 46139 | C66: =TEXT(B66,"dddd") -> mandag | D66: 1 | E66: =VLOOKUP(A66,formler!$G$3:$H$5,2,FALSE) -> 1000 | F66: =D66*E66 -> 1000
A67: Equinor ML33 | B67: 46140 | C67: =TEXT(B67,"dddd") -> tirsdag | D67: 2.5 | E67: =VLOOKUP(A67,formler!$G$3:$H$5,2,FALSE) -> 773 | F67: =D67*E67 -> 1932.5 | I67: Aker S | J67: =SUMIF(A52:F69,I67,F52:F69) -> 3000 | K67: 46132
A68: Telenor | B68: 46142 | C68: =TEXT(B68,"dddd") -> torsdag | D68: 1 | E68: =VLOOKUP(A68,formler!$G$3:$H$5,2,FALSE) -> 1000 | F68: =D68*E68 -> 1000 | I68: Equinor ML33 | J68: =SUMIF(A52:F69,I68,F52:F69) -> 9276 | K68: 46132
A69: Equinor ML33 | B69: 46142 | C69: =TEXT(B69,"dddd") -> torsdag | D69: 1 | E69: =VLOOKUP(A69,formler!$G$3:$H$5,2,FALSE) -> 773 | F69: =D69*E69 -> 773 | H69: =SUM(F52:F69) -> 16276 | I69: Telenor | J69: =SUMIF(A52:F69,I69,F52:F69) -> 4000 | K69: 46145
A70: Aker S | B70: 46146 | C70: =TEXT(B70,"dddd") -> mandag | D70: 1 | E70: =VLOOKUP(A70,formler!$G$3:$H$5,2,FALSE) -> 1000 | F70: =D70*E70 -> 1000 | R70: =1000-912 -> 88
A71: Equinor ML33 | B71: 46147 | C71: =TEXT(B71,"dddd") -> tirsdag | D71: 1.5 | E71: =VLOOKUP(A71,formler!$G$3:$H$5,2,FALSE) -> 773 | F71: =D71*E71 -> 1159.5
A72: Telenor | B72: 46149 | C72: =TEXT(B72,"dddd") -> torsdag | D72: 1 | E72: =VLOOKUP(A72,formler!$G$3:$H$5,2,FALSE) -> 1000 | F72: =D72*E72 -> 1000
A73: Equinor ML33 | B73: 46149 | C73: =TEXT(B73,"dddd") -> torsdag | D73: 1 | E73: =VLOOKUP(A73,formler!$G$3:$H$5,2,FALSE) -> 773 | F73: =D73*E73 -> 773
A74: Aker S | B74: 46153 | C74: =TEXT(B74,"dddd") -> mandag | D74: 1 | E74: =VLOOKUP(A74,formler!$G$3:$H$5,2,FALSE) -> 1000 | F74: =D74*E74 -> 1000
A75: Equinor ML33 | B75: 46154 | C75: =TEXT(B75,"dddd") -> tirsdag | D75: 1.5 | E75: =VLOOKUP(A75,formler!$G$3:$H$5,2,FALSE) -> 773 | F75: =D75*E75 -> 1159.5
A76: Telenor | B76: 46156 | C76: =TEXT(B76,"dddd") -> torsdag | D76: 0 | E76: =VLOOKUP(A76,formler!$G$3:$H$5,2,FALSE) -> 1000 | F76: =D76*E76 -> 0 | G76: Himmerfart
A77: Equinor ML33 | B77: 46156 | C77: =TEXT(B77,"dddd") -> torsdag | D77: 0 | E77: =VLOOKUP(A77,formler!$G$3:$H$5,2,FALSE) -> 773 | F77: =D77*E77 -> 0 | G77: Himmerfart
A78: Aker S | B78: 46160 | C78: =TEXT(B78,"dddd") -> mandag | D78: 1 | E78: =VLOOKUP(A78,formler!$G$3:$H$5,2,FALSE) -> 1000 | F78: =D78*E78 -> 1000
A79: Equinor ML33 | B79: 46161 | C79: =TEXT(B79,"dddd") -> tirsdag | D79: 2.5 | E79: =VLOOKUP(A79,formler!$G$3:$H$5,2,FALSE) -> 773 | F79: =D79*E79 -> 1932.5 | Q79: =780000*0.05 -> 39000
A80: Telenor | B80: 46163 | C80: =TEXT(B80,"dddd") -> torsdag | D80: 1 | E80: =VLOOKUP(A80,formler!$G$3:$H$5,2,FALSE) -> 1000 | F80: =D80*E80 -> 1000
A81: Equinor ML33 | B81: 46163 | C81: =TEXT(B81,"dddd") -> torsdag | D81: 1 | E81: =VLOOKUP(A81,formler!$G$3:$H$5,2,FALSE) -> 773 | F81: =D81*E81 -> 773
A82: Aker S | B82: 46167 | C82: =TEXT(B82,"dddd") -> mandag | D82: 1 | E82: =VLOOKUP(A82,formler!$G$3:$H$5,2,FALSE) -> 1000 | F82: =D82*E82 -> 1000 | R82: =452-206 -> 246
A83: Equinor ML33 | B83: 46168 | C83: =TEXT(B83,"dddd") -> tirsdag | D83: 1.5 | E83: =VLOOKUP(A83,formler!$G$3:$H$5,2,FALSE) -> 773 | F83: =D83*E83 -> 1159.5 | I83: Aker S | J83: =SUMIF(A70:F85,I83,F70:F85) -> 4000 | Q83: TEL | R83: 144
A84: Telenor | B84: 46170 | C84: =TEXT(B84,"dddd") -> torsdag | D84: 1 | E84: =VLOOKUP(A84,formler!$G$3:$H$5,2,FALSE) -> 1000 | F84: =D84*E84 -> 1000 | I84: Equinor ML33 | J84: =SUMIF(A70:F85,I84,F70:F85) -> 7730 | Q84: Verdi | R84: =R82*R83 -> 35424
A85: Equinor ML33 | B85: 46170 | C85: =TEXT(B85,"dddd") -> torsdag | D85: 1 | E85: =VLOOKUP(A85,formler!$G$3:$H$5,2,FALSE) -> 773 | F85: =D85*E85 -> 773 | H85: =SUM(F70:F85) -> 14730 | I85: Telenor | J85: =SUMIF(A70:F85,I85,F70:F85) -> 3000 | Q85: NOD kr | R85: 133
A86: Aker S | B86: 46174 | C86: =TEXT(B86,"dddd") -> mandag | D86: 1 | E86: =VLOOKUP(A86,formler!$G$3:$H$5,2,FALSE) -> 1000 | F86: =D86*E86 -> 1000 | Q86: NOD ny | R86: =88 -> 88
A87: Equinor ML33 | B87: 46175 | C87: =TEXT(B87,"dddd") -> tirsdag | D87: 1.5 | E87: =VLOOKUP(A87,formler!$G$3:$H$5,2,FALSE) -> 773 | F87: =D87*E87 -> 1159.5 | Q87: Tot NOD | R87: =912+R86 -> 1000
A88: Telenor | B88: 46177 | C88: =TEXT(B88,"dddd") -> torsdag | D88: 1 | E88: =VLOOKUP(A88,formler!$G$3:$H$5,2,FALSE) -> 1000 | F88: =D88*E88 -> 1000 | R88: =R85*R86 -> 11704
A89: Equinor ML33 | B89: 46177 | C89: =TEXT(B89,"dddd") -> torsdag | D89: 1 | E89: =VLOOKUP(A89,formler!$G$3:$H$5,2,FALSE) -> 773 | F89: =D89*E89 -> 773
A90: Aker S | B90: 46181 | C90: =TEXT(B90,"dddd") -> mandag | D90: 1 | E90: =VLOOKUP(A90,formler!$G$3:$H$5,2,FALSE) -> 1000 | F90: =D90*E90 -> 1000
A91: Equinor ML33 | B91: 46182 | C91: =TEXT(B91,"dddd") -> tirsdag | D91: 2.5 | E91: =VLOOKUP(A91,formler!$G$3:$H$5,2,FALSE) -> 773 | F91: =D91*E91 -> 1932.5
A92: Telenor | B92: 46184 | C92: =TEXT(B92,"dddd") -> torsdag | D92: 1 | E92: =VLOOKUP(A92,formler!$G$3:$H$5,2,FALSE) -> 1000 | F92: =D92*E92 -> 1000
A93: Equinor ML33 | B93: 46184 | C93: =TEXT(B93,"dddd") -> torsdag | D93: 1 | E93: =VLOOKUP(A93,formler!$G$3:$H$5,2,FALSE) -> 773 | F93: =D93*E93 -> 773
A94: Aker S | B94: 46188 | C94: =TEXT(B94,"dddd") -> mandag | D94: 1 | E94: =VLOOKUP(A94,formler!$G$3:$H$5,2,FALSE) -> 1000 | F94: =D94*E94 -> 1000 | L94: 11625 | M94: Betale Skatt
A95: Equinor ML33 | B95: 46189 | C95: =TEXT(B95,"dddd") -> tirsdag | D95: 1.5 | E95: =VLOOKUP(A95,formler!$G$3:$H$5,2,FALSE) -> 773 | F95: =D95*E95 -> 1159.5
A96: Telenor | B96: 46191 | C96: =TEXT(B96,"dddd") -> torsdag | D96: 1 | E96: =VLOOKUP(A96,formler!$G$3:$H$5,2,FALSE) -> 1000 | F96: =D96*E96 -> 1000
A97: Equinor ML33 | B97: 46191 | C97: =TEXT(B97,"dddd") -> torsdag | D97: 1 | E97: =VLOOKUP(A97,formler!$G$3:$H$5,2,FALSE) -> 773 | F97: =D97*E97 -> 773
A98: Aker S | B98: 46195 | C98: =TEXT(B98,"dddd") -> mandag | D98: 1 | E98: =VLOOKUP(A98,formler!$G$3:$H$5,2,FALSE) -> 1000 | F98: =D98*E98 -> 1000
A99: Equinor ML33 | B99: 46196 | C99: =TEXT(B99,"dddd") -> tirsdag | D99: 1.5 | E99: =VLOOKUP(A99,formler!$G$3:$H$5,2,FALSE) -> 773 | F99: =D99*E99 -> 1159.5
A100: Telenor | B100: 46198 | C100: =TEXT(B100,"dddd") -> torsdag | D100: 1 | E100: =VLOOKUP(A100,formler!$G$3:$H$5,2,FALSE) -> 1000 | F100: =D100*E100 -> 1000
...

Sheet 2025
A1: Dato | B1: Ukedag | C1: Time | D1: Timesats | E1: Fakturert | F1: Kommentar | G1: SUM | I1: Faktura sendt | J1: Utbetalt
A2: 45664 | B2: =VLOOKUP(formler!D3,formler!$A$2:$B$8,2,FALSE) -> Tirsdag | C2: 1.5 | D2: 750 | E2: =C2*D2 -> 1125
A3: 45666 | B3: =VLOOKUP(formler!D4,formler!$A$2:$B$8,2,FALSE) -> Torsdag | C3: 1 | D3: 750 | E3: =C3*D3 -> 750
A4: 45671 | B4: =VLOOKUP(formler!D5,formler!$A$2:$B$8,2,FALSE) -> Tirsdag | C4: 1.5 | D4: 750 | E4: =C4*D4 -> 1125
A5: 45673 | B5: =VLOOKUP(formler!D6,formler!$A$2:$B$8,2,FALSE) -> Torsdag | C5: 1 | D5: 750 | E5: =C5*D5 -> 750
A6: 45678 | B6: =VLOOKUP(formler!D7,formler!$A$2:$B$8,2,FALSE) -> Tirsdag | C6: 2.5 | D6: 750 | E6: =C6*D6 -> 1875
A7: 45680 | B7: =VLOOKUP(formler!D8,formler!$A$2:$B$8,2,FALSE) -> Torsdag | C7: 1 | D7: 750 | E7: =C7*D7 -> 750 | M7: =SUM(E2,E4,E8) -> 3375
A8: 45685 | B8: =VLOOKUP(formler!D9,formler!$A$2:$B$8,2,FALSE) -> Tirsdag | C8: 1.5 | D8: 750 | E8: =C8*D8 -> 1125
A9: 45687 | B9: =VLOOKUP(formler!D10,formler!$A$2:$B$8,2,FALSE) -> Torsdag | C9: 1 | D9: 750 | E9: =C9*D9 -> 750 | G9: =SUM(E2:E9) -> 8250
A10: 45692 | B10: Tirsdag | C10: 2.5 | D10: 750 | E10: =C10*D10 -> 1875
A11: 45694 | B11: =VLOOKUP(formler!D12,formler!$A$2:$B$8,2,FALSE) -> Torsdag | C11: 1 | D11: 750 | E11: =C11*D11 -> 750
A12: 45699 | B12: =VLOOKUP(formler!D13,formler!$A$2:$B$8,2,FALSE) -> Tirsdag | C12: 0 | D12: 750 | E12: =C12*D12 -> 0 | F12: Alpene | G12: Vikar
A13: 45701 | B13: =VLOOKUP(formler!D14,formler!$A$2:$B$8,2,FALSE) -> Torsdag | C13: 1 | D13: 750 | E13: =C13*D13 -> 750
A14: 45706 | B14: =VLOOKUP(formler!D15,formler!$A$2:$B$8,2,FALSE) -> Tirsdag | C14: 1.5 | D14: 750 | E14: =C14*D14 -> 1125
A15: 45708 | B15: =VLOOKUP(formler!D16,formler!$A$2:$B$8,2,FALSE) -> Torsdag | C15: 1 | D15: 750 | E15: =C15*D15 -> 750
A16: 45713 | B16: =VLOOKUP(formler!D17,formler!$A$2:$B$8,2,FALSE) -> Tirsdag | C16: 2.5 | D16: 750 | E16: =C16*D16 -> 1875
A17: 45715 | B17: =VLOOKUP(formler!D18,formler!$A$2:$B$8,2,FALSE) -> Torsdag | C17: 1 | D17: 750 | E17: =C17*D17 -> 750 | G17: =SUM(E10:E17) -> 7875 | P17: =3000+1875+3375 -> 8250
A18: 45720 | B18: =VLOOKUP(formler!D19,formler!$A$2:$B$8,2,FALSE) -> Tirsdag | C18: 1.5 | D18: 750 | E18: =C18*D18 -> 1125
A19: 45722 | B19: =VLOOKUP(formler!D20,formler!$A$2:$B$8,2,FALSE) -> Torsdag | C19: 1 | D19: 750 | E19: =C19*D19 -> 750 | L19: 3000
A20: 45727 | B20: =VLOOKUP(formler!D21,formler!$A$2:$B$8,2,FALSE) -> Tirsdag | C20: 1.5 | D20: 750 | E20: =C20*D20 -> 1125 | L20: 3375
A21: 45729 | B21: =VLOOKUP(formler!D22,formler!$A$2:$B$8,2,FALSE) -> Torsdag | C21: 1 | D21: 750 | E21: =C21*D21 -> 750 | L21: 1875
A22: 45734 | B22: =VLOOKUP(formler!D23,formler!$A$2:$B$8,2,FALSE) -> Tirsdag | C22: 2.5 | D22: 750 | E22: =C22*D22 -> 1875
A23: 45736 | B23: =VLOOKUP(formler!D24,formler!$A$2:$B$8,2,FALSE) -> Torsdag | C23: 1 | D23: 750 | E23: =C23*D23 -> 750
A24: 45741 | B24: =VLOOKUP(formler!D25,formler!$A$2:$B$8,2,FALSE) -> Tirsdag | C24: 1.5 | D24: 750 | E24: =C24*D24 -> 1125
A25: 45743 | B25: =VLOOKUP(formler!D26,formler!$A$2:$B$8,2,FALSE) -> Torsdag | C25: 1 | D25: 750 | E25: =C25*D25 -> 750 | G25: =SUM(E18:E25) -> 8250
A26: 45748 | B26: =VLOOKUP(formler!D27,formler!$A$2:$B$8,2,FALSE) -> Tirsdag | C26: 1.5 | D26: 750 | E26: =C26*D26 -> 1125
A27: 45750 | B27: =VLOOKUP(formler!D28,formler!$A$2:$B$8,2,FALSE) -> Torsdag | C27: 1 | D27: 750 | E27: =C27*D27 -> 750
A28: 45755 | B28: =VLOOKUP(formler!D29,formler!$A$2:$B$8,2,FALSE) -> Tirsdag | C28: 2.5 | D28: 750 | E28: =C28*D28 -> 1875
A29: 45757 | B29: =VLOOKUP(formler!D30,formler!$A$2:$B$8,2,FALSE) -> Torsdag | C29: 1 | D29: 750 | E29: =C29*D29 -> 750
A30: 45762 | B30: =VLOOKUP(formler!D31,formler!$A$2:$B$8,2,FALSE) -> Tirsdag | C30: 0 | D30: 750 | E30: =C30*D30 -> 0 | F30: Påske
A31: 45764 | B31: =VLOOKUP(formler!D32,formler!$A$2:$B$8,2,FALSE) -> Torsdag | C31: 0 | D31: 750 | E31: =C31*D31 -> 0 | F31: Påske
A32: 45769 | B32: =VLOOKUP(formler!D33,formler!$A$2:$B$8,2,FALSE) -> Tirsdag | C32: 1.5 | D32: 750 | E32: =C32*D32 -> 1125
A33: 45771 | B33: =VLOOKUP(formler!D34,formler!$A$2:$B$8,2,FALSE) -> Torsdag | C33: 1 | D33: 750 | E33: =C33*D33 -> 750
A34: 45776 | B34: =VLOOKUP(formler!D35,formler!$A$2:$B$8,2,FALSE) -> Tirsdag | C34: 2.5 | D34: 750 | E34: =C34*D34 -> 1875 | G34: =SUM(E26:E34) -> 8250
A35: 45778 | B35: =VLOOKUP(formler!D36,formler!$A$2:$B$8,2,FALSE) -> Torsdag | C35: 0 | D35: 750 | E35: =C35*D35 -> 0 | F35: 45413
A36: 45783 | B36: =VLOOKUP(formler!D37,formler!$A$2:$B$8,2,FALSE) -> Tirsdag | C36: 1.5 | D36: 750 | E36: =C36*D36 -> 1125
A37: 45785 | B37: =VLOOKUP(formler!D38,formler!$A$2:$B$8,2,FALSE) -> Torsdag | C37: 1 | D37: 750 | E37: =C37*D37 -> 750
A38: 45790 | B38: =VLOOKUP(formler!D39,formler!$A$2:$B$8,2,FALSE) -> Tirsdag | C38: 1.5 | D38: 750 | E38: =C38*D38 -> 1125
A39: 45792 | B39: =VLOOKUP(formler!D40,formler!$A$2:$B$8,2,FALSE) -> Torsdag | C39: 1 | D39: 750 | E39: =C39*D39 -> 750
A40: 45797 | B40: =VLOOKUP(formler!D41,formler!$A$2:$B$8,2,FALSE) -> Tirsdag | C40: 2.5 | D40: 750 | E40: =C40*D40 -> 1875
A41: 45799 | B41: =VLOOKUP(formler!D42,formler!$A$2:$B$8,2,FALSE) -> Torsdag | C41: 1 | D41: 750 | E41: =C41*D41 -> 750
A42: 45804 | B42: =VLOOKUP(formler!D43,formler!$A$2:$B$8,2,FALSE) -> Tirsdag | C42: 1.5 | D42: 750 | E42: =C42*D42 -> 1125
A43: 45806 | B43: =VLOOKUP(formler!D44,formler!$A$2:$B$8,2,FALSE) -> Torsdag | C43: 0 | D43: 750 | E43: =C43*D43 -> 0 | F43: Himmelfart | G43: =SUM(E35:E43) -> 7500
A44: 45811 | B44: =VLOOKUP(formler!D45,formler!$A$2:$B$8,2,FALSE) -> Tirsdag | C44: 1.5 | D44: 750 | E44: =C44*D44 -> 1125
A45: 45813 | B45: =VLOOKUP(formler!D46,formler!$A$2:$B$8,2,FALSE) -> Torsdag | C45: 1 | D45: 750 | E45: =C45*D45 -> 750
A46: 45818 | B46: =VLOOKUP(formler!D47,formler!$A$2:$B$8,2,FALSE) -> Tirsdag | C46: 2.5 | D46: 750 | E46: =C46*D46 -> 1875
A47: 45820 | B47: =VLOOKUP(formler!D48,formler!$A$2:$B$8,2,FALSE) -> Torsdag | C47: 1 | D47: 750 | E47: =C47*D47 -> 750
A48: 45825 | B48: =VLOOKUP(formler!D49,formler!$A$2:$B$8,2,FALSE) -> Tirsdag | C48: 1.5 | D48: 750 | E48: =C48*D48 -> 1125
A49: 45827 | B49: =VLOOKUP(formler!D50,formler!$A$2:$B$8,2,FALSE) -> Torsdag | C49: 1 | D49: 750 | E49: =C49*D49 -> 750
A50: 45832 | B50: =VLOOKUP(formler!D51,formler!$A$2:$B$8,2,FALSE) -> Tirsdag | C50: 1.5 | D50: 750 | E50: =C50*D50 -> 1125
A51: 45834 | B51: =VLOOKUP(formler!D52,formler!$A$2:$B$8,2,FALSE) -> Torsdag | C51: 1 | D51: 750 | E51: =C51*D51 -> 750 | G51: =SUM(E44:E51) -> 8250
C52: =SUM(C2:C51) -> 64.5 | D52: 750 | E52: =C52*D52 -> 48375
A56: 45874 | B56: =VLOOKUP(formler!D53,formler!$A$2:$B$8,2,FALSE) -> Tirsdag | C56: 1.5 | D56: 750 | E56: =C56*D56 -> 1125
A57: 45876 | B57: =VLOOKUP(formler!D54,formler!$A$2:$B$8,2,FALSE) -> Torsdag | C57: 1 | D57: 750 | E57: =C57*D57 -> 750 | L57: 30000
A58: 45881 | B58: =VLOOKUP(formler!D55,formler!$A$2:$B$8,2,FALSE) -> Tirsdag | C58: 1.5 | D58: 750 | E58: =C58*D58 -> 1125 | K58: 102110 | L58: =K58/$L$57 -> 3.4036667
A59: 45883 | B59: =VLOOKUP(formler!D56,formler!$A$2:$B$8,2,FALSE) -> Torsdag | C59: 1 | D59: 750 | E59: =C59*D59 -> 750 | K59: =K58*1.05 -> 107215.5 | L59: =K59/$L$57 -> 3.57385
A60: 45888 | B60: =VLOOKUP(formler!D57,formler!$A$2:$B$8,2,FALSE) -> Tirsdag | C60: 1.5 | D60: 750 | E60: =C60*D60 -> 1125 | K60: =K59*1.05 -> 112576.28 | L60: =K60/$L$57 -> 3.7525425
A61: 45890 | B61: =VLOOKUP(formler!D58,formler!$A$2:$B$8,2,FALSE) -> Torsdag | C61: 1 | D61: 750 | E61: =C61*D61 -> 750 | K61: =K60*1.05 -> 118205.09 | L61: =K61/$L$57 -> 3.9401696
A62: 45895 | B62: =VLOOKUP(formler!D59,formler!$A$2:$B$8,2,FALSE) -> Tirsdag | C62: 2.5 | D62: 750 | E62: =C62*D62 -> 1875 | K62: =K61*1.05 -> 124115.34 | L62: =K62/$L$57 -> 4.1371781
A63: 45897 | B63: =VLOOKUP(formler!D60,formler!$A$2:$B$8,2,FALSE) -> Torsdag | C63: 1 | D63: 750 | E63: =C63*D63 -> 750 | G63: =SUM(E56:E63) -> 8250 | K63: =K62*1.05 -> 130321.11 | L63: =K63/$L$57 -> 4.344037
A64: 45902 | B64: =VLOOKUP(formler!D61,formler!$A$2:$B$8,2,FALSE) -> Tirsdag | C64: 1.5 | D64: 750 | E64: =C64*D64 -> 1125 | K64: =K63*1.05 -> 136837.17 | L64: =K64/$L$57 -> 4.5612389
A65: 45904 | B65: =VLOOKUP(formler!D62,formler!$A$2:$B$8,2,FALSE) -> Torsdag | C65: 1 | D65: 750 | E65: =C65*D65 -> 750 | K65: =K64*1.05 -> 143679.02 | L65: =K65/$L$57 -> 4.7893008
A66: 45909 | B66: =VLOOKUP(formler!D63,formler!$A$2:$B$8,2,FALSE) -> Tirsdag | C66: 1.5 | D66: 750 | E66: =C66*D66 -> 1125 | K66: =K65*1.05 -> 150862.98 | L66: =K66/$L$57 -> 5.0287658
A67: 45911 | B67: =VLOOKUP(formler!D64,formler!$A$2:$B$8,2,FALSE) -> Torsdag | C67: 1 | D67: 750 | E67: =C67*D67 -> 750 | K67: =K66*1.05 -> 158406.12 | L67: =K67/$L$57 -> 5.2802041
A68: 45916 | B68: =VLOOKUP(formler!D65,formler!$A$2:$B$8,2,FALSE) -> Tirsdag | C68: 2.5 | D68: 750 | E68: =C68*D68 -> 1875
A69: 45918 | B69: =VLOOKUP(formler!D66,formler!$A$2:$B$8,2,FALSE) -> Torsdag | C69: 1 | D69: 750 | E69: =C69*D69 -> 750 | K69: 1.09 | L69: 50000
A70: 45923 | B70: =VLOOKUP(formler!D67,formler!$A$2:$B$8,2,FALSE) -> Tirsdag | C70: 1.5 | D70: 750 | E70: =C70*D70 -> 1125 | K70: 1100000 | L70: 2025 | M70: 48
A71: 45925 | B71: =VLOOKUP(formler!D68,formler!$A$2:$B$8,2,FALSE) -> Torsdag | C71: 1 | D71: 750 | E71: =C71*D71 -> 750 | K71: =($L$69+K70)*$K$69 -> 1253500 | L71: 2026 | M71: 49 | P71: 83000
A72: 45930 | B72: =VLOOKUP(formler!D69,formler!$A$2:$B$8,2,FALSE) -> Tirsdag | C72: 1.5 | D72: 750 | E72: =C72*D72 -> 1125 | G72: =SUM(E64:E72) -> 9375 | K72: =($L$69+K71)*$K$69 -> 1420815 | L72: 2027 | M72: 50 | P72: mål | Q72: nå | R72: %
A73: 45932 | B73: =VLOOKUP(formler!D70,formler!$A$2:$B$8,2,FALSE) -> Torsdag | C73: 1 | D73: 750 | E73: =C73*D73 -> 750 | K73: =($L$69+K72)*$K$69 -> 1603188.4 | L73: 2028 | M73: 51 | O73: NOD | P73: 200 | Q73: 130 | R73: =(P73*100)/Q73-100 -> 53.846154
A74: 45937 | B74: =VLOOKUP(formler!D71,formler!$A$2:$B$8,2,FALSE) -> Tirsdag | C74: 2.5 | D74: 750 | E74: =C74*D74 -> 1875 | K74: =($L$69+K73)*$K$69 -> 1801975.3 | L74: 2029 | M74: 52 | O74: KITRON | P74: 77 | Q74: 57 | R74: =(P74*100)/Q74-100 -> 35.087719
A75: 45939 | B75: =VLOOKUP(formler!D72,formler!$A$2:$B$8,2,FALSE) -> Torsdag | C75: 1 | D75: 750 | E75: =C75*D75 -> 750 | K75: =($L$69+K74)*$K$69 -> 2018653.1 | L75: 2030 | M75: 53
A76: 45944 | B76: =VLOOKUP(formler!D73,formler!$A$2:$B$8,2,FALSE) -> Tirsdag | C76: 1.5 | D76: 750 | E76: =C76*D76 -> 1125 | K76: =($L$69+K75)*$K$69 -> 2254831.9 | L76: 2031 | M76: 54
A77: 45946 | B77: =VLOOKUP(formler!D74,formler!$A$2:$B$8,2,FALSE) -> Torsdag | C77: 1 | D77: 750 | E77: =C77*D77 -> 750 | K77: =($L$69+K76)*$K$69 -> 2512266.7 | L77: 2032 | M77: 55
A78: 45951 | B78: =VLOOKUP(formler!D75,formler!$A$2:$B$8,2,FALSE) -> Tirsdag | C78: 1.5 | D78: 750 | E78: =C78*D78 -> 1125 | K78: =($L$69+K77)*$K$69 -> 2792870.7 | L78: 2033 | M78: 56
A79: 45953 | B79: =VLOOKUP(formler!D76,formler!$A$2:$B$8,2,FALSE) -> Torsdag | C79: 1 | D79: 750 | E79: =C79*D79 -> 750 | K79: =($L$69+K78)*$K$69 -> 3098729.1 | L79: 2034 | M79: 57
A80: 45958 | B80: =VLOOKUP(formler!D77,formler!$A$2:$B$8,2,FALSE) -> Tirsdag | C80: 2.5 | D80: 750 | E80: =C80*D80 -> 1875 | K80: =($L$69+K79)*$K$69 -> 3432114.7 | L80: 2035 | M80: 58
A81: 45960 | B81: =VLOOKUP(formler!D78,formler!$A$2:$B$8,2,FALSE) -> Torsdag | C81: 1 | D81: 750 | E81: =C81*D81 -> 750 | G81: =SUM(E73:E81) -> 9750 | K81: =($L$69+K80)*$K$69 -> 3795505 | L81: 2036 | M81: 59
A82: 45965 | B82: =VLOOKUP(formler!D79,formler!$A$2:$B$8,2,FALSE) -> Tirsdag | C82: 1.5 | D82: 750 | E82: =C82*D82 -> 1125 | K82: =($L$69+K81)*$K$69 -> 4191600.5 | L82: 2037 | M82: 60
A83: 45967 | B83: =VLOOKUP(formler!D80,formler!$A$2:$B$8,2,FALSE) -> Torsdag | C83: 1 | D83: 750 | E83: =C83*D83 -> 750 | K83: =($L$69+K82)*$K$69 -> 4623344.5 | L83: 2038 | M83: 61
A84: 45972 | B84: =VLOOKUP(formler!D81,formler!$A$2:$B$8,2,FALSE) -> Tirsdag | C84: 1.5 | D84: 750 | E84: =C84*D84 -> 1125 | K84: =($L$69+K83)*$K$69 -> 5093945.5 | L84: 2039 | M84: 62
A85: 45974 | B85: =VLOOKUP(formler!D82,formler!$A$2:$B$8,2,FALSE) -> Torsdag | C85: 1 | D85: 750 | E85: =C85*D85 -> 750 | K85: =($L$69+K84)*$K$69 -> 5606900.6 | L85: 2040 | M85: 63
A86: 45979 | B86: =VLOOKUP(formler!D83,formler!$A$2:$B$8,2,FALSE) -> Tirsdag | C86: 2.5 | D86: 750 | E86: =C86*D86 -> 1875 | K86: =($L$69+K85)*$K$69 -> 6166021.7 | L86: 2041 | M86: 64
A87: 45981 | B87: =VLOOKUP(formler!D84,formler!$A$2:$B$8,2,FALSE) -> Torsdag | C87: 1 | D87: 750 | E87: =C87*D87 -> 750 | K87: =($L$69+K86)*$K$69 -> 6775463.6 | L87: 2042 | M87: 65
A88: 45986 | B88: =VLOOKUP(formler!D85,formler!$A$2:$B$8,2,FALSE) -> Tirsdag | C88: 1.5 | D88: 750 | E88: =C88*D88 -> 1125 | K88: =($L$69+K87)*$K$69 -> 7439755.4 | L88: 2043 | M88: 66
A89: 45988 | B89: =VLOOKUP(formler!D86,formler!$A$2:$B$8,2,FALSE) -> Torsdag | C89: 1 | D89: 750 | E89: =C89*D89 -> 750 | G89: =SUM(E82:E89) -> 8250 | K89: =($L$69+K88)*$K$69 -> 8163833.4 | L89: 2044 | M89: 67
A90: 45993 | B90: =VLOOKUP(formler!D87,formler!$A$2:$B$8,2,FALSE) -> Tirsdag | C90: 1.5 | D90: 750 | E90: =C90*D90 -> 1125
A91: 45995 | B91: =VLOOKUP(formler!D88,formler!$A$2:$B$8,2,FALSE) -> Torsdag | C91: 1 | D91: 750 | E91: =C91*D91 -> 750
A92: 46000 | B92: =VLOOKUP(formler!D89,formler!$A$2:$B$8,2,FALSE) -> Tirsdag | C92: 2.5 | D92: 750 | E92: =C92*D92 -> 1875
A93: 46002 | B93: =VLOOKUP(formler!D90,formler!$A$2:$B$8,2,FALSE) -> Torsdag | C93: 1 | D93: 750 | E93: =C93*D93 -> 750
A94: 46007 | B94: =VLOOKUP(formler!D91,formler!$A$2:$B$8,2,FALSE) -> Tirsdag | C94: 1.5 | D94: 750 | E94: =C94*D94 -> 1125
A95: 46009 | B95: =VLOOKUP(formler!D92,formler!$A$2:$B$8,2,FALSE) -> Torsdag | C95: 1 | D95: 750 | E95: =C95*D95 -> 750 | G95: =SUM(E90:E95) -> 6375
C96: =SUM(C58:C95) -> 53.5 | E96: =SUM(E56:E95) -> 42000 | G96: =SUM(G95,G89,G81,G72,G63) -> 42000

Sheet formler
D1: Dag
A2: 1 | B2: Mandag | D2: 1 | G2: Timespris
A3: 2 | B3: Tirsdag | D3: =WEEKDAY('2025'!A2,2) -> 2 | G3: Aker S | H3: 1000
A4: 3 | B4: Onsdag | D4: =WEEKDAY('2025'!A3,2) -> 4 | G4: Equinor ML33 | H4: 773
A5: 4 | B5: Torsdag | D5: =WEEKDAY('2025'!A4,2) -> 2 | G5: Telenor | H5: 1000
A6: 5 | B6: Fredag | D6: =WEEKDAY('2025'!A5,2) -> 4
A7: 6 | B7: Lørdag | D7: =WEEKDAY('2025'!A6,2) -> 2
A8: 7 | B8: Søndag | D8: =WEEKDAY('2025'!A7,2) -> 4
D9: =WEEKDAY('2025'!A8,2) -> 2
D10: =WEEKDAY('2025'!A9,2) -> 4
D11: =WEEKDAY('2025'!A10,2) -> 2
D12: =WEEKDAY('2025'!A11,2) -> 4
D13: =WEEKDAY('2025'!A12,2) -> 2
D14: =WEEKDAY('2025'!A13,2) -> 4
D15: =WEEKDAY('2025'!A14,2) -> 2
D16: =WEEKDAY('2025'!A15,2) -> 4
D17: =WEEKDAY('2025'!A16,2) -> 2
D18: =WEEKDAY('2025'!A17,2) -> 4
D19: =WEEKDAY('2025'!A18,2) -> 2
D20: =WEEKDAY('2025'!A19,2) -> 4
... D52: =WEEKDAY('2025'!A51,2) -> 4
D53: =WEEKDAY('2025'!A56,2) -> 2
D54: =WEEKDAY('2025'!A57,2) -> 4
D55: =WEEKDAY('2025'!A58,2) -> 2
D56: =WEEKDAY('2025'!A59,2) -> 4
D57: =WEEKDAY('2025'!A60,2) -> 2
D58: =WEEKDAY('2025'!A61,2) -> 4
D59: =WEEKDAY('2025'!A62,2) -> 2
D60: =WEEKDAY('2025'!A63,2) -> 4
D61: =WEEKDAY('2025'!A64,2) -> 2
D62: =WEEKDAY('2025'!A65,2) -> 4
D63: =WEEKDAY('2025'!A66,2) -> 2
D64: =WEEKDAY('2025'!A67,2) -> 4
... D102: =WEEKDAY('2025'!A105,2) -> 6

Sheet Ola
A1: Dato | B1: Ukedag | C1: Time | F1: Korrigert versjon
A2: 45664 | B2: =VLOOKUP(formler!D3,formler!$A$2:$B$8,2,FALSE) -> Tirsdag | C2: 1.5 | F2: 45664 | G2: Tirsdag | H2: 1.5
A3: 45666 | B3: =VLOOKUP(formler!D4,formler!$A$2:$B$8,2,FALSE) -> Torsdag | C3: 1 | F3: 45666 | G3: Torsdag | H3: 1
A4: 45671 | B4: =VLOOKUP(formler!D5,formler!$A$2:$B$8,2,FALSE) -> Tirsdag | C4: 1.5 | F4: 45671 | G4: Tirsdag | H4: 1.5
A5: 45673 | B5: =VLOOKUP(formler!D6,formler!$A$2:$B$8,2,FALSE) -> Torsdag | C5: 1 | F5: 45673 | G5: Torsdag | H5: 1
A6: 45678 | B6: =VLOOKUP(formler!D7,formler!$A$2:$B$8,2,FALSE) -> Tirsdag | C6: 2.5 | F6: 45678 | G6: Tirsdag | H6: 2.5
A7: 45680 | B7: =VLOOKUP(formler!D8,formler!$A$2:$B$8,2,FALSE) -> Torsdag | C7: 1 | F7: 45680 | G7: Torsdag | H7: 1
A8: 45685 | B8: =VLOOKUP(formler!D9,formler!$A$2:$B$8,2,FALSE) -> Tirsdag | C8: 1.5 | F8: 45685 | G8: Tirsdag | H8: 1.5
A9: 45687 | B9: =VLOOKUP(formler!D10,formler!$A$2:$B$8,2,FALSE) -> Torsdag | C9: 1 | F9: 45687 | G9: Torsdag | H9: 1
A10: 45692 | B10: Tirsdag | C10: 1.5 | F10: 45692 | G10: Tirsdag | H10: 2.5
A11: 45694 | B11: =VLOOKUP(formler!D12,formler!$A$2:$B$8,2,FALSE) -> Torsdag | C11: 1 | F11: 45694 | G11: Torsdag | H11: 1
A12: 45699 | B12: =VLOOKUP(formler!D13,formler!$A$2:$B$8,2,FALSE) -> Tirsdag | C12: 2.5 | D12: mulig ferie | F12: 45699 | G12: Tirsdag | H12: 0 | I12: Ferie
A13: 45701 | B13: =VLOOKUP(formler!D14,formler!$A$2:$B$8,2,FALSE) -> Torsdag | C13: 1 | F13: 45701 | G13: Torsdag | H13: 1
A14: 45706 | B14: =VLOOKUP(formler!D15,formler!$A$2:$B$8,2,FALSE) -> Tirsdag | C14: 1.5 | F14: 45706 | G14: Tirsdag | H14: 1.5
A15: 45708 | B15: =VLOOKUP(formler!D16,formler!$A$2:$B$8,2,FALSE) -> Torsdag | C15: 1 | F15: 45708 | G15: Torsdag | H15: 1
A16: 45713 | B16: =VLOOKUP(formler!D17,formler!$A$2:$B$8,2,FALSE) -> Tirsdag | C16: 1.5 | F16: 45713 | G16: Tirsdag | H16: 2.5
A17: 45715 | B17: =VLOOKUP(formler!D18,formler!$A$2:$B$8,2,FALSE) -> Torsdag | C17: 1 | F17: 45715 | G17: Torsdag | H17: 1
A18: 45720 | B18: =VLOOKUP(formler!D19,formler!$A$2:$B$8,2,FALSE) -> Tirsdag | C18: 2.5 | F18: 45720 | G18: Tirsdag | H18: 1.5
A19: 45722 | B19: =VLOOKUP(formler!D20,formler!$A$2:$B$8,2,FALSE) -> Torsdag | C19: 1 | F19: 45722 | G19: Torsdag | H19: 1
A20: 45727 | B20: =VLOOKUP(formler!D21,formler!$A$2:$B$8,2,FALSE) -> Tirsdag | C20: 1.5 | F20: 45727 | G20: Tirsdag | H20: 1.5
A21: 45729 | B21: =VLOOKUP(formler!D22,formler!$A$2:$B$8,2,FALSE) -> Torsdag | C21: 1 | F21: 45729 | G21: Torsdag | H21: 1
A22: 45734 | B22: =VLOOKUP(formler!D23,formler!$A$2:$B$8,2,FALSE) -> Tirsdag | C22: 1.5 | F22: 45734 | G22: Tirsdag | H22: 2.5
A23: 45736 | B23: =VLOOKUP(formler!D24,formler!$A$2:$B$8,2,FALSE) -> Torsdag | C23: 1 | F23: 45736 | G23: Torsdag | H23: 1
A24: 45741 | B24: =VLOOKUP(formler!D25,formler!$A$2:$B$8,2,FALSE) -> Tirsdag | C24: 2.5 | F24: 45741 | G24: Tirsdag | H24: 1.5
... A29: 45757 | B29: =VLOOKUP(formler!D30,formler!$A$2:$B$8,2,FALSE) -> Torsdag | C29: 1 | F29: 45757 | G29: Torsdag | H29: 1
A30: 45762 | B30: =VLOOKUP(formler!D31,formler!$A$2:$B$8,2,FALSE) -> Tirsdag | C30: 0 | D30: Påske | F30: 45762 | G30: Tirsdag | H30: 0 | I30: Påske
A31: 45764 | B31: =VLOOKUP(formler!D32,formler!$A$2:$B$8,2,FALSE) -> Torsdag | C31: 0 | D31: Påske | F31: 45764 | G31: Torsdag | H31: 0 | I31: Påske
A32: 45769 | B32: =VLOOKUP(formler!D33,formler!$A$2:$B$8,2,FALSE) -> Tirsdag | C32: 1.5 | F32: 45769 | G32: Tirsdag | H32: 1.5
A33: 45771 | B33: =VLOOKUP(formler!D34,formler!$A$2:$B$8,2,FALSE) -> Torsdag | C33: 1 | F33: 45771 | G33: Torsdag | H33: 1
A34: 45776 | B34: =VLOOKUP(formler!D35,formler!$A$2:$B$8,2,FALSE) -> Tirsdag | C34: 1.5 | F34: 45776 | G34: Tirsdag | H34: 2.5
A35: 45778 | B35: =VLOOKUP(formler!D36,formler!$A$2:$B$8,2,FALSE) -> Torsdag | C35: 0 | D35: 45413 | F35: 45778 | G35: Torsdag | H35: 0 | I35: 45413
A36: 45783 | B36: =VLOOKUP(formler!D37,formler!$A$2:$B$8,2,FALSE) -> Tirsdag | C36: 2.5 | F36: 45783 | G36: Tirsdag | H36: 1.5
A37: 45785 | B37: =VLOOKUP(formler!D38,formler!$A$2:$B$8,2,FALSE) -> Torsdag | C37: 1 | F37: 45785 | G37: Torsdag | H37: 1
A38: 45790 | B38: =VLOOKUP(formler!D39,formler!$A$2:$B$8,2,FALSE) -> Tirsdag | C38: 1.5 | F38: 45790 | G38: Tirsdag | H38: 1.5
A39: 45792 | B39: =VLOOKUP(formler!D40,formler!$A$2:$B$8,2,FALSE) -> Torsdag | C39: 1 | F39: 45792 | G39: Torsdag | H39: 1
A40: 45797 | B40: =VLOOKUP(formler!D41,formler!$A$2:$B$8,2,FALSE) -> Tirsdag | C40: 1.5 | F40: 45797 | G40: Tirsdag | H40: 2.5
A41: 45799 | B41: =VLOOKUP(formler!D42,formler!$A$2:$B$8,2,FALSE) -> Torsdag | C41: 1 | F41: 45799 | G41: Torsdag | H41: 1
A42: 45804 | B42: =VLOOKUP(formler!D43,formler!$A$2:$B$8,2,FALSE) -> Tirsdag | C42: 2.5 | F42: 45804 | G42: Tirsdag | H42: 1.5
A43: 45806 | B43: =VLOOKUP(formler!D44,formler!$A$2:$B$8,2,FALSE) -> Torsdag | C43: 0 | D43: Kr. Himmelfartsdag | F43: 45806 | G43: Torsdag | H43: 0 | I43: Kr. Himmelfartsdag
A44: 45811 | B44: =VLOOKUP(formler!D45,formler!$A$2:$B$8,2,FALSE) -> Tirsdag | C44: 1.5 | F44: 45811 | G44: Tirsdag | H44: 1.5
A45: 45813 | B45: =VLOOKUP(formler!D46,formler!$A$2:$B$8,2,FALSE) -> Torsdag | C45: 1 | F45: 45813 | G45: Torsdag | H45: 1
A46: 45818 | B46: =VLOOKUP(formler!D47,formler!$A$2:$B$8,2,FALSE) -> Tirsdag | C46: 1.5 | F46: 45818 | G46: Tirsdag | H46: 2.5
A47: 45820 | B47: =VLOOKUP(formler!D48,formler!$A$2:$B$8,2,FALSE) -> Torsdag | C47: 1 | F47: 45820 | G47: Torsdag | H47: 1
A48: 45825 | B48: =VLOOKUP(formler!D49,formler!$A$2:$B$8,2,FALSE) -> Tirsdag | C48: 2.5 | F48: 45825 | G48: Tirsdag | H48: 1.5
A49: 45827 | B49: =VLOOKUP(formler!D50,formler!$A$2:$B$8,2,FALSE) -> Torsdag | C49: 1 | F49: 45827 | G49: Torsdag | H49: 1
A50: 45832 | B50: =VLOOKUP(formler!D51,formler!$A$2:$B$8,2,FALSE) -> Tirsdag | C50: 1.5 | F50: 45832 | G50: Tirsdag | H50: 1.5
A51: 45834 | B51: =VLOOKUP(formler!D52,formler!$A$2:$B$8,2,FALSE) -> Torsdag | C51: 1 | F51: 45834 | G51: Torsdag | H51: 1
C52: =SUM(C2:C51) -> 66 | H52: =SUM(H2:H51) -> 64.5
A56: 45881 | B56: =VLOOKUP(formler!D55,formler!$A$2:$B$8,2,FALSE) -> Tirsdag | C56: 1.5 | F56: 45881 | G56: Tirsdag | H56: 1.5
A57: 45883 | B57: =VLOOKUP(formler!D56,formler!$A$2:$B$8,2,FALSE) -> Torsdag | C57: 1 | F57: 45883 | G57: Torsdag | H57: 1
A58: 45888 | B58: =VLOOKUP(formler!D57,formler!$A$2:$B$8,2,FALSE) -> Tirsdag | C58: 1.5 | F58: 45888 | G58: Tirsdag | H58: 1.5
A59: 45890 | B59: =VLOOKUP(formler!D58,formler!$A$2:$B$8,2,FALSE) -> Torsdag | C59: 1 | F59: 45890 | G59: Torsdag | H59: 1
A60: 45895 | B60: =VLOOKUP(formler!D59,formler!$A$2:$B$8,2,FALSE) -> Tirsdag | C60: 2.5 | F60: 45895 | G60: Tirsdag | H60: 2.5
A61: 45897 | B61: =VLOOKUP(formler!D60,formler!$A$2:$B$8,2,FALSE) -> Torsdag | C61: 1 | F61: 45897 | G61: Torsdag | H61: 1
A62: 45902 | B62: =VLOOKUP(formler!D61,formler!$A$2:$B$8,2,FALSE) -> Tirsdag | C62: 1.5 | F62: 45902 | G62: Tirsdag | H62: 1.5
A63: 45904 | B63: =VLOOKUP(formler!D62,formler!$A$2:$B$8,2,FALSE) -> Torsdag | C63: 1 | F63: 45904 | G63: Torsdag | H63: 1
A64: 45909 | B64: =VLOOKUP(formler!D63,formler!$A$2:$B$8,2,FALSE) -> Tirsdag | C64: 1.5 | F64: 45909 | G64: Tirsdag | H64: 1.5
A65: 45911 | B65: =VLOOKUP(formler!D64,formler!$A$2:$B$8,2,FALSE) -> Torsdag | C65: 1 | F65: 45911 | G65: Torsdag | H65: 1
A66: 45916 | B66: =VLOOKUP(formler!D65,formler!$A$2:$B$8,2,FALSE) -> Tirsdag | C66: 2.5 | F66: 45916 | G66: Tirsdag | H66: 2.5
A67: 45918 | B67: =VLOOKUP(formler!D66,formler!$A$2:$B$8,2,FALSE) -> Torsdag | C67: 1 | F67: 45918 | G67: Torsdag | H67: 1
... A93: 46009 | B93: =VLOOKUP(formler!D92,formler!$A$2:$B$8,2,FALSE) -> Torsdag | C93: 1 | F93: 46009 | G93: Torsdag | H93: 1
C94: =SUM(C56:C93) -> 53.5 | H94: =SUM(H56:H93) -> 53.5
